create database TARge25

--db valimine
use TARge25DB

--db kustutamine
drop database TARge25DB

--tabeli tegemine
create table Gender
(
Id int not null primary key,
Gender nvarchar(10) not null
)

--andmete sisestamine
insert into Gender (Id, Gender)
values (2, 'Male'),
(1, 'Female'),
(3, 'Unknown')

--tabeli sisu vaatamine
select * from Gender

--tehke tabel nimega Person
--id int, not null, primary key
--Name nvarchar 30
--Email nvarchar 30
--GenderId int
create table Person
(
Id int not null primary key,
Name nvarchar(30),
Email nvarchar(30),
GenderId int
)

--andmete sisestamine
insert into Person (Id, Name, Email, GenderId)
values (1, 'Superman', 's@s.com', 2),
(2, 'Wonderwoman', 'w@w.com', 1),
(3, 'Batman', 'b@b.com', 2),
(4, 'Aquaman', 'a@a.com', 2),
(5, 'Catwoman', 'cat@cat.com', 1),
(6, 'Antman', 'ant@ant.com', 2),
(8, NULL, NULL, 2)

--soovime n‰ha Person tabeli sisu
select * from Person

--vıırvıtme ¸henduse loomine kahe tabeli vahel
alter table Person add constraint tblPerson_GenderId_FK
foreign key (GenderId) references Gender(Id)

--kui sisestad uue rea andmeid ja ei ole sisestanud genderId alla v‰‰rtust, siis
-- see automaatselt sisestab sellele reale v‰‰rtuse 3 ehk mis meil on unknown
alter table Person
add constraint DF_Persons_GenderId
default 3 for GenderId

insert into Person (Id, Name, Email, GenderId)
values (7, 'Flash', 'f@f.com', NULL)

insert into Person (Id, Name, Email)
values (9, 'Black Panther', 'p@p.com')

select * from Person

--kustutada DF_Persons_GenderId piirang koodiga
alter table Person
drop constraint DF_Persons_GenderId

--lisame koodiga veeru
alter table Person
add Age nvarchar(10)

--lisame nr piirangu vanuse sisestamisel
alter table Person
add constraint CK_Person_Age check (Age > 0 and Age < 155)

--kui sa tead veergude j‰rjekorda peast
--siis ei pea neid sisestama
insert into Person 
values (10, 'Green Arrow', 'g@g.com', 2, 154)

--constrainti kustutamine
alter table Person
drop constraint CK_Person_Age

alter table Person
add constraint CK_Person_Age check (Age > 0 and Age < 130)

--kustutame rea
delete from Person where Id = 10

--kuidas uuendada andmeid koodiga
--Id 3 uus vanus on 50
update Person
set Age = 50
where Id = 3

--lisame Person tabelisse veeru City ja nvarchar 50
alter table Person
add City nvarchar(50)

--kıik kes elavad Gothami linnas
select * from Person where City = 'Gotham'

--kıik kes ei ela Gothamis
select * from Person where City != 'Gotham'
select * from Person where City <> 'Gotham'
select * from Person where not City = 'Gotham'

--n‰itab teatud vanusega inimesi
--35, 42, 23
select * from Person where Age = 35 or Age = 42 or Age = 23
select * from Person where Age in (35, 42, 23)

--n‰itab teatud vanusevahemikus olevaid isikuid 22 kuni 39
select * from Person where Age between 22 and 39

--wildcardi kasutamine
--n‰itab kıik g-t‰hega algavad linnad
select * from Person where City like 'g%'

--email, kus on @ m‰rk sees
select * from Person where Email like '%@%'

--n‰itab, kellel on emailis ees ja peale @-m‰rki ainult ¸ks t‰ht ja omakorda .com
select * from Person where Email like '_@_.com'

--kıik, kellel on nimes esimene t‰ht w, a, s
--katusega v‰listab
select * from Person where Name like '[^was]%'
select * from Person where Name like '[was]%'

--kes elavad Gothamis ja New Yorkis
select * from Person where City = 'Gotham' or City = 'New York'

--kes elavad Gothamis ja New Yorkis ja on vanemad, kui 29
select * from Person where (City = 'Gotham' or City = 'New York') and Age > 29

--kuvab t‰hetikulises j‰rjekorras inimesi ja vıtab aluseks nime
select * from Person order by Name

--kuvab vastupidises j‰rjestuses nimed
select * from Person order by  Name DESC

--vıtab kolm esimest rida person tabelist
select top 3 * from Person

--kolm esimest aga tabeli j‰rjestus on Age ja siis name
select top 3 Age, Name from Person order by cast(Age as int)

--n‰ita esimesed 50% tabelist
select top 50 percent * from Person

--kıikide isikute koondvanus
select sum(cast(Age as int)) from Person

--n‰itab kıige nooremat isikut
select min(cast(Age as int)) from Person

--n‰itab kıige vanemat isikut
select max(cast(Age as int)) from Person

--muudame Age veeru int andmet¸¸biks
alter table Person
alter column Age int;

--n‰eme konkreetsetes linnades olevate isikute koondvanust
select sum(Age) from Person where city = 'New York'
select City, sum(Age) as TotalAge from Person group by City

--kuvab esimeses reas v‰ljatoodud j‰rjestuses ja kuvab Age TotalAge-ks
--j‰rjestab City-s olevate nimede j‰rgi ja siis GenderId j‰rgi
select City, GenderId, sum(Age) as TotalAge from Person
group by City, GenderId order by City

--n‰itab mitu rida on selles tabelis
select count(*) from Person

--n‰itab tulemust mitu inimest on GenderId v‰‰rtusega 2 konkreetses linnas
--arvutab vanuse kokku konkreetses linnas
select GenderId, City, sum(Age) as TotalAge, count(Id) as [Total Person(s)]
from Person
where GenderId = '2'
group by GenderId, City

--n‰itab ‰ra inimeste koondvanuse mis on ¸le 41 a ja
--kui palju neid igas linnas elab
--eristab soo j‰rgi
select GenderId, City, sum(Age) as TotalAge, count(Id) as [Total Person(s)]
from Person
group by GenderId, City having sum(Age) > 41

--loome tabelid Employees ja Department
create table Department
(
Id int not null primary key,
DepartmentName nvarchar(50) null,
Location nvarchar(50) null,
DepartmentHead nvarchar(50) null
)

create table Employees
(
Id int not null primary key,
Name nvarchar(50) null,
Gender nvarchar(50) null,
Salary nvarchar(50) null,
DepartmentId int null
)

insert into Employees (Id, Name, Gender, Salary, DepartmentId)
values (1, 'Tom', 'Male', '4000', 1),
(2, 'Pam', 'Female', '3000', 3),
(3, 'John', 'Male', '3500', 1),
(4, 'Sam', 'Male', '4500', 2),
(5, 'Todd', 'Male', '2800', 2),
(6, 'Ben', 'Male', '7000', 1),
(7, 'Sara', 'Female', '4800', 3),
(8, 'Valarie', 'Female', '5500', 1),
(9, 'James', 'Male', '6500', null),
(10, 'Rusell', 'Male', '8800', null)

insert into Department(Id, DepartmentName, Location, DepartmentHead)
values (1, 'IT', 'London', 'Rick'),
(2, 'Payroll', 'Delhi', 'Ron'),
(3, 'HR', 'New York', 'Christie'),
(4, 'Other Department', 'Sydney', 'Cindrella')

select Name, Gender, Salary, DepartmentName
from Employees
left join Department
on Employees.DepartmentId = Department.Id

--arvutame kıikide palgad kokku
select sum(cast(Salary as int)) from Employees

--miinimum palga saaja
select min(cast(Salary as int)) from Employees

--teeme left join p‰ringu
select Location, sum(cast(Salary as int)) as TotalSalary
from Employees
left join Department
on Employees.DepartmentId = Department.Id
group by Location --¸he kuu palgafond linnade lıikes

--teeme veeru nimega City Employees tabelisse
--nvarchar 30
alter table Employees
add City nvarchar(30)

select * from Employees

--peale selecti tulevad veergude nimed
select City, Gender, sum(cast(Salary as int)) as TotalSalary
--tabelist nimega Employees ja mis on grupitatud City ja Gender j‰rgi
from Employees group by City, Gender

--oleks vaja et linnad oleksid t‰hestikulises j‰rjekorras
select City, Gender, sum(cast(Salary as int)) as TotalSalary
from Employees group by City, Gender
order by City
--order by j‰rjestab linnad t‰hestikuliselt
--aga kui on nullid, siis need tulevad kıige ette

--loeb ‰ra, mitu rida on tabelis Employees
--* asemele vıib panna ka veeru nime
-- aga siis loeb ainult selle veeru v‰‰rtused, mis ei ole nullid
select COUNT(*) from Employees

--mitu tˆˆtajat on soo ja linna kaupa
select City, Gender, sum(cast(Salary as int)) as Totalsalary, count(Id) as TotalEmployees
from Employees group by City, Gender

--kuvab ainult kıik mehed linnade kaupa
select City, Gender, sum(cast(Salary as int)) as Totalsalary, 
count(Id) as TotalEmployees
from Employees
where Gender = 'Male'
group by City, Gender

--sama tulemus, aga kasutage having klauslit
select City, Gender, sum(cast(Salary as int)) as Totalsalary, 
count(Id) as TotalEmployees
from Employees
group by City, Gender
having Gender = 'Male'

--n‰itab meile ainult need tˆˆtajad kellel on palga summa ¸le 4000
select * from Employees
where sum(cast(salary as int)) > 4000

select City, sum(cast(Salary as int)) as Totalsalary, Name,
count(Id) as TotalEmployees
from Employees
group by Salary, City, Name
having sum(cast(Salary as int)) > 4000

--loo¥me tabeli, milles hakatakse automaatselt nummerdama Id-d
create table Test1
(
Id int identity(1,1) primary key,
Value nvarchar(30)
)

insert into Test1 values('X')
select * from Test1

--kustutame veeru nimega City Employees tabelist
alter table Employees
drop column City

--inner join
--kuvab neid kellel on DepartmentName all olemas v‰‰rtus
select Name, Gender, Salary, DepartmentName
from Employees
inner join Department
on Employees.DepartmentId = Department.Id

--left join 
-- kuvab kıik read Employees tabelist,
--aga DepartmentName n‰itab ainult siis, kui on olemas
-- kui DepartmentId on null, siis DepartmentName n‰itab nulli
select Name, Gender, Salary, DepartmentName
from Employees
left join Department
on Employees.DepartmentId = Department.Id

--right join
--kuvab kıik read Department tabelist
--aga Name n‰itab ainult siis, kui on olemas v‰‰rtus DepartmentId, mis on sama,
--Department tabeli Id-ga
select Name, Gender, Salary, DepartmentName
from Employees
right join Department
on Employees.DepartmentId = Department.Id

--full outer join ja full join on sama asi
--kuvab kıik read mılemast tabelist,
--aga kui ei ole vastet, siis n‰itab nulli
select Name, Gender, Salary, DepartmentName
from Employees
full outer join Department
on Employees.DepartmentId = Department.Id

--cross join
--kuvab kıik read mılemast tabelist, aga ei vıta aluseks mingit veergu,
--vaid lihtsalt kombineerib kıik read omavahel
--kasutatakse harva, aga kui on vaja kombineerida kıiki
--vıimalikke kombinatsioone kahe tabeli vahel, siis vıib kasutada cross joini
select Name, Gender, Salary, DepartmentName
from Employees
cross join Department

--p‰ringu sisu
select ColumnList
from LeftTable
joinType RightTable
on JoinCondition

select Name, Gender, Salary, DepartmentName
from Employees
inner join Department
on DepartmentId = Employees.DepartmentId

--kuidas kuvada ainult need isikud, kellel on DepartmentName NULL
select Name, Gender, Salary, DepartmentName
from Employees
left join Department
on Employees.DepartmentId = Department.Id
where Employees.DepartmentId is null

--teine variant
select Name, Gender, Salary, DepartmentName
from Employees
left join Department
on Employees.DepartmentId = Department.Id
where Department.Id is null

--kuidas saame department tabelis oleva rea, kus on NULL
select Name, Gender, Salary, DepartmentName
from Employees
right join Department
on Employees.DepartmentId = Department.Id
where Employees.DepartmentId is null

--full join
--kus on vaja kuvada kıik read mılemast tabelist,
--millel ei ole vastet
select Name, Gender, Salary, DepartmentName
from Employees
full join Department
on Employees.DepartmentId = Department.Id
where Employees.DepartmentId is null
or Department.Id is null

--tabeli nimetuse muutmine koodiga
sp_rename 'Employees1', 'Employees'

--kasutame Employees tabeli asemel l¸hendit E ja M
--aga enne seda lisame uue veeru nimega ManagerId ja see on int
alter table Employees
add ManagerId int

--antud juhul E on Employees tabeli l¸hend ja M
--on samuti Employees tabeli l¸hend, aga me kasutame
--seda, et n‰idata, et see on manageri tabel
select E.Name as Employee, M.Name as Manager
from Employees E
left join Employees M
on E.ManagerId = M.Id

--inner join ja kasutame l¸hendeid
select E.Name as Employee, M.Name as Manager
from Employees E
inner join Employees M
on E.ManagerId = M.Id

--cross join ja kasutame l¸hendeid
select E.Name as Employee, M.Name as Manager
from Employees E
cross join Employees M

select FirstName, LastName, Phone, AddressID, AddressType
from SalesLT.CustomerAddress
left join SalesLT.Customer
on SalesLT.CustomerAddress.CustomerID = SalesLT.Customer.CustomerID

--teha p‰ring, kus kasutate ProductModelit ja Product tabelit
--et n‰ha, millised tooted on millise mudeliga seotud
select PM.Name as ProductModel, P.Name as Product
from SalesLT.Product P
left join SalesLT.ProductModel PM
on PM.ProductModelId = P.ProductModelId


---JOIN p‰ringud
---CROSS JOIN
---Loob ¸hendused kahest tabelist. Employee tabelis on k¸mme rida ja Departments tabelis neli rida.
---See tingimus tekitab p‰ringu, mis kuvab 40 rida. Sellel JOIN-l ei tohiks olla ON tingimust.
select Name, Gender, Salary, DepartmentName
FROM dbo.Employees
CROSS JOIN dbo.Department

---JOIN V’I INNER JOIN
---INNER JOIN tagastab ainult kahes tabelis olevate ridade tabelid. Mitte kattuvad read on eemaldatud.
select Name, Gender, Salary, DepartmentName
from dbo.Employees
INNER JOIN dbo.Department
ON dbo.Employees.DepartmentId = dbo.Department.Id

---LEFT V’I LEFT OUTER JOIN
---OUTER m‰rksına on vabatahtlik
Select Name, Gender, Salary, DepartmentName
from dbo.Employees
LEFT OUTER JOIN dbo.Department
ON dbo.Employees.DepartmentId = dbo.Department.Id

---RIGHT JOIN vıi RIGHT OUTER JOIN
select Name, Gender, Salary, DepartmentName
from dbo.Employees
RIGHT JOIN dbo.Department
ON dbo.Employees.DepartmentId = dbo.Department.Id

---FULL JOIN vıi FULL OUTER JOIN
select Name, Gender, Salary, DepartmentName
from dbo.Employees
FULL JOIN dbo.Department
ON dbo.Employees.DepartmentId = dbo.Department.Id

---CROSS JOIN: tagastab kıik omavahel olevad read
--- JOIN: Tagastab kattuvad read ja kıik mitte-kattuvad read vasakust tabelist
---RIGHT JOIN: Tagastab kıik kattuvad read ja kıik mitte-kaatuvad read paremast tabelist
---FULL JOIN: Tagastab vasakust ja paremast tabelist ja kıik mitte kattuvad read

---Keerulisemad JOIN-d
Select Name, Gender, Salary, DepartmentName
from dbo.Employees E
LEFT JOIN dbo.Department D
ON E.DepartmentId = D.Id

---Kuidas saada andmeid mitte-kattuvatelt ridadelt paremast tabelist.
Select Name, Gender, Salary, DepartmentName
from dbo.Employees E
RIGHT JOIN dbo.Department D
ON E.DepartmentId = D.Id
WHERE E.DepartmentId IS NULL

---Kuidas saada mılemast tabelist ainult mitte-kattuvad read. 
Select Name, Gender, Salary, DepartmentName
from dbo.Employees E
FULL JOIN dbo.Department D
ON e.DepartmentId = D.Id
WHERE E.DepartmentId IS NULL
OR D.Id IS NULL

---SELF JOIN
---Tabeli iseendaga ¸hendamist nimetatakse SELF JOIN-ks. 
Select E.Name as Employee, M.Name as Manager
from dbo.Employees E
LEFT JOIN dbo.Employees M
ON E.ManagerId = M.Id

---INNER Self ja CROSS self koodin‰ide
Select E.Name as Employee, M.Name as Manager
from dbo.Employees E
INNER JOIN dbo.Employees M
ON E.ManagerId = M.Id

Select E.Name as Employee, M.Name as Manager
from dbo.Employees E
CROSS JOIN dbo.Employees M

--
select isnull('Sinu Nimi', 'No Manager') as Manager

select COALESCE(null, 'No Manager') as Manager

--neil kellel ei ole ¸lemust, siis paneb neile No Manager teksti
Select E.Name as Employee, isnull(M.Name, 'No Manager') as Manager
from Employees E
left join Employees M
on E.ManagerId = M.Id

--kui Expression on ıige, siis paneb v‰‰rtuse, mida soovid vıi
--vastasel juhul paneb No Manager teksti
--case when Expression Then '' else '' end

--teeme p‰ringu, kus kasutame case-i
--tuleb kasutada ka left join
Select E.Name as Employee, case when M.Name is null then 'No Manager'
else M.Name end as Manager
from Employees E
left join Employees M
on E.ManagerId = M.Id

--lisame tabelisse uued veerud
alter table employees
add MiddleName nvarchar(30)
alter table employees
add LastName nvarchar(30)

--muudame veeru nime koodiga
sp_rename 'Employees.MiddleName', 'Middlename1'
select * from Employees

--
UPDATE Employees
SET MiddleName = 'Nick', LastName = 'Jones'
WHERE Id = 1
UPDATE Employees
SET LastName = 'Anderson'
WHERE Id = 2
UPDATE Employees
SET LastName = 'Smith'
WHERE Id = 4
UPDATE Employees
SET FirstName = NULL, Middlename = 'Todd', LastName = 'Someone'
WHERE Id = 5
UPDATE Employees
SET MiddleName = 'Ten', LastName = 'Sven'
WHERE Id = 6
UPDATE Employees
SET LastName = 'Connor'
WHERE Id = 7
UPDATE Employees
SET MiddleName = 'Balerine'
WHERE Id = 8
UPDATE Employees
SET MiddleName = '007', LastName = 'Bond'
WHERE Id = 9
UPDATE Employees
SET FirstName = NULL, LastName = 'Crowe'
WHERE Id = 10

--igast reast vıtab esimesena mitte nulli v‰‰rtuse ja paneb selle Name veergu
--kasutada coalsece
SELECT Id, COALESCE(FirstName, MiddleName, LastName) As Name
from Employees

create table IndianCustomers
(
Id int identity(1,1),
Name nvarchar(25),
Email nvarchar(25)
)

create table UKCustomers
(
Id int identity(1,1),
Name nvarchar(25),
Email nvarchar(25)
)

insert into IndianCustomers (Name, Email)
values ('Raj', 'R@R.com'),
('Sam', 'S@S.com')

insert into UKCustomers (Name, Email)
values ('Ben', 'B@B.com'),
('Sam', 'S@S.com')

SELECT * from IndianCustomers
SELECT * from UKCustomers

--kasutate union all
--kahe tabeli andmete vaatamiseks
--n‰itab kıik read mılemast tabelist
SELECT Id, Name, Email FROM IndianCustomers
UNION ALL
SELECT Id, Name, Email FROM UKCustomers

--korduvate v‰‰rtuste eemaldamiseks kasutame unionit
SELECT Id, Name, Email FROM IndianCustomers
UNION
SELECT Id, Name, Email FROM UKCustomers

--kuidas tulemust sorteerida nime j‰rgi
--kasutada union all-i
SELECT Id, Name, Email FROM IndianCustomers
UNION ALL
SELECT Id, Name, Email FROM UKCustomers
ORDER BY Name

--stored procedure
--salvestatud protseduurid on SQL-i koodid, mis on salvestatud
--andmebaasis ja mida saab k‰ivitada,
--et teha mingi kindel tˆˆ ‰ra
create procedure spGetEmployees
as begin
	select FirstName, Gender from Employees
end

--n¸¸d saame kasutada spGetEmployees-i
spGetEmployees
exec spGetEmployees
execute spGetEmployees

--
create proc spGetEmployeesByGenderAndDepartment
@Gender nvarchar(10),
@DepartmentId int
as begin
	select FirstName, Gender, DepartmentId from Employees 
	where Gender = @Gender and DepartmentId = @DepartmentId 
end

--miks annab veateate
spGetEmployeesByGenderAndDepartment
--ıige variant
exec spGetEmployeesByGenderAndDepartment 'Male', 1
--kuidas minna sp j‰rjekorrast mˆˆda
exec spGetEmployeesByGenderAndDepartment @DepartmentId = 1, @Gender = 'Male'

sp_helptext spGetEmployeesByGenderAndDepartment

--muudame sp-d ja vıti peale, et keegi teine peale teie ei saaks seda muuta
alter proc spGetEmployeesByGenderAndDepartment
@Gender nvarchar(10),
@DepartmentId int
with encryption --paneb vıtme peale
as begin
	select FirstName, Gender, DepartmentId from Employees
	where Gender = @Gender and DepartmentId = @DepartmentId
end

--
create proc spGetEmployeeCountByGender
@Gender nvarchar(10),
--output on parameeter, mis vıimaldab meil salvestada protseduuri
--sees tehtud arvutuse tulemuse ja kasutada seda v‰ljaspool protseduuri
@EmployeeCount int output
as begin
	select @EmployeeCount = count(id) from Employees
	where Gender = @Gender
end

--annab tulemuse, kus loendab ‰ra vastavad read
--prindib tulemuse, mis on parameetris @EmployeeCount
declare @TotalCount int
exec spGetEmployeeCountByGender 'Male', @TotalCount out
if(@TotalCount = 0)
	print '@TotalCount is null'
else
	print '@TotalCount is not null'
print @TotalCount

--n‰itab ‰ra, et mitu rida vastab nıuetele
declare @TotalCount int
exec spGetEmployeeCountByGender @EmployeeCount = @TotalCount out, @Gender = 'Male'
print @TotalCount

--sp sisu vaatamine
sp_help spGetEmployeeCountByGender
--tabeli info
sp_help Employees
--kui soovid sp teksti n‰ha
sp_helptext spGetEmployeeCountByGender

--vaatame, millest sıltub see sp
sp_depends spGetEmployeeCountByGender
--vaatame tabelit sp_depends-ga
sp_depends Employees

---
create proc spGetNameById
@Id int,
@Name nvarchar(30) output
as begin
	select @Id = Id, @Name = FirstName from Employees
end

--tahame n‰ha kogu tabelite ridade arvu
--count kasutada
create proc spTotalCount2
@TotalCount int output
as begin
	select @TotalCount = count(Id) from Employees
end

--saame teada, et mitu rida on tabelis
declare @TotalEmployees int
execute spTotalCount2 @TotalEmployees output
select @TotalEmployees

--mis id all on keegi nime j‰rgi
create proc spGetIdByName1
@Id int,
@FirstName nvarchar(30) output
as begin
	select @FirstName = FirstName from Employees where @Id = Id
end

--annab tulemuse, kus id 1 real on keegi koos nimega 
declare @FirstName nvarchar(30)
exec spGetIdByName1 9, @FirstName output
print 'Name of the employee = ' + @FirstName

---ei anna tulemust, sest sp-s on loogika viga
/* sp-s on viga sest @id on peremeeter, mis on mıeldud selleks, et me saaksime sisestada id-d
ja saada nime- aga sp-s on loogika viga, sest see ¸ritab m‰‰rata @Id v‰‰rtuseks Id veeru v‰‰rtust,
mis on vale */
declare @FirstName nvarchar(30)
exec spGetNameById 1, @FirstName output
print 'Name of the employee = ' + @FirstName

--tund 5
--07.04.26
declare @FirstName nvarchar(30)
exec spGetNameById 1, @FirstName out
print 'Name of the employee = ' + @FirstName

sp_help spGetNameById


create proc spGetNameById2
@Id int
as begin
	return (select FirstName from Employees where Id = @Id)
end

--------------------------------------------------------------
ALTER PROCEDURE spGetNameById2
    @Id INT,
    @EmployeeName NVARCHAR(30) OUTPUT
AS
BEGIN
    SELECT @EmployeeName = FirstName
    FROM Employees
    WHERE Id = @Id
END

DECLARE @FirstName NVARCHAR(30)
EXEC spGetNameById2 
    @Id = 3,
    @EmployeeName = @FirstName OUTPUT

PRINT 'Name of the employee = ' + @FirstName

--sisseehitatud string funktsioonid
--see konverteerib ASCII t‰he v‰‰rtuse numbriks
select ascii('A')
-- kuvab A-t‰he
select char(65)

--prindime kogu t‰hestiku v‰lja A-st Z-ni
--kasutame while ts¸klit
declare @Start int
set @Start = 65
while @Start <= ASCII('Z')
begin
	print char(@Start)
	set @Start = @Start + 1
end

--eemaldame t¸hjad kohad sulgudes
select ltrim('                    Hello')

--t¸hikute eemaldamine sınas
select ltrim(FirstName) as FirstName, MiddleName, LastName
from Employees

select rtrim('          Hello          ')

--keera kooloni sees olevad andmed vastupidiseks
--vastavalt upper ja lower-ga saan muuta m‰rkide suurust
--reverse funktsioon keerab stringi tagurpidi
select reverse(upper(ltrim(Firstname))) as FirstName,
MiddleName, lower(LastName), rtrim(ltrim(FirstName)) + ' ' +
MiddleName + ' ' + LastName as FullName
from Employees

--left, right, substring
--left vıtab stringi vasakult poolt neli esimest t‰hte
select left('ABCDEF', 4)
--right vıtab stringi paremalt poolt neli esimest t‰hte
select right('ABCDEF', 4)

--kuvab @t‰hem‰rgi asetust
select CHARINDEX('@', 'sara@aaa.com')

--alates viiendast t‰hem‰rgist vıtab kaks t‰hte
select substring('leo@bbb.com', 5, 2)

--@-m‰rgist kuvab kolm t‰hem‰rki. Viimase nr saab
--m‰‰rata pikkust
select substring('leo@bbb.com', CHARINDEX('@', 'leo@bbb.com')
+ 1, 3)

--peale @-m‰rki reguleerin t‰hem‰rkide pikkuse n‰itamist
select SUBSTRING('leo@bbb.com', CHARINDEX('@', 'leo@bbb.com') + 2,
len('leo@bbb.com') - charindex('@', 'leo@bbb.com'))

--saame teada domeeninimed emailides
--kasutame person tabelit ja substringi, len ja charindexi
select SUBSTRING(Email, charindex('@', Email) + 1,
len(Email) - charindex('@', Email)) as DomainName
from Person

alter table Employees
add Email nvarchar(20)

UPDATE Employees
SET Email = 'Tom@aaa.com'
WHERE Id = 1
UPDATE Employees
SET Email = 'Pam@bbb.com'
WHERE Id = 2
UPDATE Employees
SET Email = 'John@aaa.com'
WHERE Id = 3
UPDATE Employees
SET Email = 'Sam@bbb.com'
WHERE Id = 4
UPDATE Employees
SET Email = 'Todd@bbb.com'
WHERE Id = 5
UPDATE Employees
SET Email = 'Ben@ccc.com'
WHERE Id = 6
UPDATE Employees
SET Email = 'Sara@ccc.com'
WHERE Id = 7
UPDATE Employees
SET Email = 'Valarie@aaa.com'
WHERE Id = 8
UPDATE Employees
SET Email = 'James@bbb.com'
WHERE Id = 9
UPDATE Employees
SET Email = 'Russel@bbb.com'
WHERE Id = 10


--lisame *-m‰rgi alates teatud kohast
select FirstName, LastName,
	substring(Email, 1, 2) + replicate('*', 5) +
	--peale teist t‰hem‰rki paneb viis t‰rni
	substring(Email, charindex('@', Email), len(Email)
	- charindex('@', Email) + 1) as MaskedEmail
	--kuni @-m‰rgini paneb t‰rnid ja siis j‰tkab emaili n‰itamist
	--on d¸naamiline, sest kui emaili pikkus on erinev,
	--siis paneb vastavalt t‰rne
from Employees

--kolm korda n‰itab stringis olevat v‰‰rtust
select REPLICATE('Hello', 3)

--kuidas sisestada t¸hikut kahe nime vahele
--kasutada funktsiooni
select SPACE(5)

--vıtame tabeli Employees ja kuvame eesnime ja perekonnanime vahele t¸hikut
select FirstName + space(25) + LastName as FullName from Employees

--PATINDEX
--sama, mis charindex aga patindex vıimaldab kasutada wildcardi
--kasutame tabelit Employees ja leiame kıik read, kus emaili lıpus on aaa.com
select Email, PATINDEX('%aaa.com', Email) as Position
from Employees
where PATINDEX('%aaa.com', Email) > 0
--leiame kıik read, kus emaili lıpus on aaa.com vıi bbb.com

--asendame emaili lıpus olevat domeeninimed
--.com asemel .net-iga
select FirstName, LastName, Email, 
replace(Email, '.com', '.net') as NewEmail
from Employees

--soovin asendada peale esimest m‰rki olevad t‰hed viie t‰rniga
Select FirstName, LastName, Email,
	STUFF(Email, 2, 3, '*****') as StuffedEmail
from Employees

--ajaga seotud andmet¸¸bid
create table DateTest
(
c_time time,
c_date date,
c_smalldatetime smalldatetime,
c_datetime datetime,
c_datetime2 datetime2,
c_datetimeoffset datetimeoffset
)

select * from DateTest

--sinu masina kellaaeg
select getdate() as currentDateTime

insert into DateTest
values (getdate(), getdate(), getdate(), getdate(), getdate(), getdate())

update DateTest set c_datetimeoffset = '2026-04-07 12:00:08.3766667 +02:00'
where c_datetimeoffset = '2026-04-07 17:13:08.3766667 +00:00'

select CURRENT_TIMESTAMP, 'CURRENT_TIMESTAMP' --aja p‰ring
select SYSDATETIME(), 'SYSDATETIME' --veel t‰psem aja p‰ring
select SYSDATETIMEOFFSET(), 'SYSDATETIMEOFFSET' --t‰pne aja ja ajavˆˆndi p‰ring
select GETUTCDATE(), 'GETUTCDATE' --UTC aja p‰ring

select ISDATE('asdasd') --tagastab 0, sest see ei ole kehtiv kuup‰ev
select ISDATE(getdate()) --tagastab 1, sest on kuup‰ev
select isdate('2026-04-07 17:13:08.3766667') --tagastab 0 kuna max kolm komakohta vıib olla
select isdate('2026-04-07 17:13:08.376') --tagastab 1
select day(getdate()) --annab t‰nase p‰eva numbri
select day('01/30/2026') --annab stringis oleva kp ja j‰rjestus peab olema ıige
select month(getdate()) -- annab jooksva kuu nr
select month('01/30/2026') -- annab stringis oleva kuu
select year(getdate()) -- annab jooksva aasta nr 
select year('01/30/2022') -- annab stringis oleva aasta nr